X-Call-Id,X-Function-Name,Preprocessor Invoke Time,X-Start-Time (Arrival at Gateway)
194927a3-5db4-4c06-baf8-490c1be00895,sleep-low-tier,1761357747.8144174,1761357747846037067
8770fdc9-2faa-4e9f-ad73-3ab4d37e0207,sleep-med-tier,1761357772.4694479,1761357772488168996
23dae9f3-2c17-4bee-a0cf-99b8e43e89be,sleep-hi-tier,1761357782.7175133,1761357782738611785
