X-Call-Id,X-Function-Name,X-Start-Time (Function Start),X-Duration-Seconds,X-Function-Status
194927a3-5db4-4c06-baf8-490c1be00895,sleep-low-tier,1761357747861038257,3.038355,200
8770fdc9-2faa-4e9f-ad73-3ab4d37e0207,sleep-med-tier,1761357772495906794,2.021463,200
23dae9f3-2c17-4bee-a0cf-99b8e43e89be,sleep-hi-tier,1761357782746979837,5.013850,200
